<?xml version="1.0" encoding="UTF-8"?>
<metadata xml:lang="en"><Esri><CreaDate>20121005</CreaDate><CreaTime>14364300</CreaTime><ArcGISstyle>FGDC CSDGM Metadata</ArcGISstyle><SyncOnce>TRUE</SyncOnce><DataProperties><itemProps><itemLocation><linkage Sync="TRUE">file://\\SNR-FRASERJS\D$\HarvestTest\HarvestTest\landtypeCopy.gis</linkage><protocol Sync="TRUE">Local Area Network</protocol></itemLocation></itemProps><copyHistory><copy source="D:\HarvestTest\HarvestTest\landtype.gis" dest="\\SNR-FRASERJS\D$\HarvestTest\HarvestTest\landtypeCopy.gis" date="20121005" time="14364300"></copy></copyHistory></DataProperties></Esri></metadata>
