<?xml version="1.0" encoding="UTF-8"?>
<metadata xml:lang="en"><Esri><CreaDate>20120224</CreaDate><CreaTime>13322900</CreaTime><ArcGISstyle>FGDC CSDGM Metadata</ArcGISstyle><SyncOnce>TRUE</SyncOnce><DataProperties><itemProps><itemLocation><linkage Sync="TRUE">file://\\SNR-ABNR3-07\D$\HarvestTest\landtype.gis</linkage><protocol Sync="TRUE">Local Area Network</protocol></itemLocation></itemProps><copyHistory><copy source="C:\HarvestModule\Small\HarvestModule\landtype.gis" dest="\\SNR-ABNR3-07\D$\HarvestTest\landtype.gis" date="20120224" time="13322900"></copy></copyHistory></DataProperties></Esri></metadata>
